url,name,address,city,state,phone
https://ata.net/martin-tn,Results,"îƒˆ215 Hawks Rd Ste., 12B, Martin, TN 38237",Martin,TN,î‚°(731) 587-5145
http://www.ssicpa.com/,Results,"îƒˆ2483 Demere Rd #204, St Simons Island, GA 31522",St Simons Island,GA,î‚°(912) 634-7722
http://www.martinleecpa.com/,Results,"îƒˆ11695 Johns Creek Pkwy Ste 100, Johns Creek, GA 30097",Johns Creek,GA,î‚°(678) 873-2150
https://www.jeffersonmartincpa.com/,Results,"îƒˆ1945 Rockside Ln SW, Snellville, GA 30078",Snellville,GA,î‚°(678) 551-2973
https://ggacpa.com/,Results,"îƒˆ281 E Franklin St, Hartwell, GA 30643",Hartwell,GA,î‚°(706) 376-9665
http://www.mmmcpa.com/,Results,"îƒˆ389 Mulberry St, Macon, GA 31201",Macon,GA,î‚°(478) 746-6277
http://www.miltoncpaservices.com/,Results,"îƒˆ49 W Oak St, McRae-Helena, GA 31055",McRae-Helena,GA,î‚°(229) 868-5614
http://www.stricklandaccounting.com/,Results,"îƒˆ102 Mayo St, Americus, GA 31709",Americus,GA,î‚°(229) 924-8144
http://www.advisorycpas.com/,Results,"îƒˆ3459 Acworth Due West Rd NW Ste 573, Acworth, GA 30101",Acworth,GA,î‚°(404) 304-7745
https://ata.net/union-city-tn,Results,"îƒˆ624 E Reelfoot Ave, Union City, TN 38261",Union City,TN,î‚°(731) 885-3661
http://melissaprobstcpa.com/,Results,"îƒˆ1400 Buford Hwy NE L-3, Sugar Hill, GA 30518",Sugar Hill,GA,î‚°(678) 714-8052
http://www.gscpa.org/,Results,"îƒˆ5405 Windward Pkwy Suite 300, Alpharetta, GA 30004",Alpharetta,GA,î‚°(404) 231-8676
http://www.thetaxshop.net/,Results,"îƒˆ16 S Main St, Moultrie, GA 31768",Moultrie,GA,î‚°(229) 985-0176
http://www.fields-accounting.com/,Results,"îƒˆ231 Falls Rd, Toccoa, GA 30577",Toccoa,GA,î‚°(706) 898-5020
http://ga-tax-accounting.com/,Results,"îƒˆ1390 Industrial Blvd, Baldwin, GA 30511",Baldwin,GA,î‚°(706) 778-3271
http://www.toccoacpa.com/,Results,"îƒˆ161 E Doyle St E, Toccoa, GA 30577",Toccoa,GA,î‚°(706) 886-3173
https://www.themartinwallscpa.com/,Results,"îƒˆ2090 Dunwoody Club Dr Ste. 106 #5141, Atlanta, GA 30350",Atlanta,GA,î‚°(404) 850-0816
https://dadcpa.com/,Results,"îƒˆ10370 GA-72, Hull, GA 30646",Hull,GA,î‚°(706) 549-0825
http://www.smartaccountingsolutions.com/,Results,"îƒˆ1175 Athens Rd, Crawford, GA 30630",Crawford,GA,î‚°(706) 227-9191
https://www.tcc-cpa.com/,Results,"îƒˆ3535 Roswell Rd #63, Marietta, GA 30062",Marietta,GA,î‚°(770) 565-2422
http://www.nasmithcpa.com/,"Natasha A. Smith, CPA LLC","îƒˆ2302 Parklake Dr NE Ste 660, Atlanta, GA 30345",Atlanta,GA,î‚°(404) 296-0050
http://www.peachtreecpagroup.com/,"Peachtree CPA Group, LLC","îƒˆ21 Eastbrook Bend suite 219, Peachtree City, GA 30269",Peachtree City,GA,î‚°(770) 990-0206
https://www.martinleecpa.com/,Martin Lee CPA LLC,"îƒˆ12600 Deerfield Pkwy Suite 100, Alpharetta, GA 30004",Alpharetta,GA,î‚°(678) 873-2150
https://www.integritycpasvcs.com/,"Integrity CPA Services, LLC","îƒˆ102 Main St #207, LaGrange, GA 30240",LaGrange,GA,î‚°(706) 884-0347
https://bjmgroup.com/peachtree-city-ga/,BJM Peachtree City,"îƒˆ500 Northlake Dr Suite 201-A, Peachtree City, GA 30269",Peachtree City,GA,î‚°(770) 209-2133
http://mmacpapro.com/,MMA CPA Accounting Firm,"îƒˆ160 Clairemont Ave Suite 200, Decatur, GA 30030",Decatur,GA,î‚°(404) 567-6688
http://www.gta-pc.net/,"Garrett, Thomas & Associates, P.C.","îƒˆ210 Corporate Dr, Carrollton, GA 30117",Carrollton,GA,î‚°(770) 832-2439
http://www.seafinc.com/,Southeast Accounting and Finance Incorporated CPA,"îƒˆ263 GA-74, Peachtree City, GA 30269",Peachtree City,GA,î‚°(770) 487-4555
https://www.rosenbergcpa.com/,"Rosenberg & Company, P.C. Certified Public Accountants","îƒˆ1827 Powers Ferry Rd Bldg 19, Suite 200, Atlanta, GA 30339",Atlanta,GA,î‚°(770) 984-0474
http://www.delermecpa.com/,Delerme CPA,"îƒˆ1170 Peachtree St NE #1200, Atlanta, GA 30309",Atlanta,GA,î‚°(678) 585-6580
http://www.servicecpa.com/,"Behar, Reid, Melton & Brown, CPA","îƒˆ2821 Harley Ct, Columbus, GA 31909",Columbus,GA,î‚°(706) 576-4900
http://www.masseyandcompanycpa.com/,Massey and Company CPA,,Martin,GA,î‚°(678) 235-5460
https://www.cartercompanycpa.com/,Carter & Company Business Accounting Firm Atlanta CPA,"îƒˆ3017 Bolling Way NE Ste 144, Atlanta, GA 30305",Atlanta,GA,î‚°(404) 600-1600
https://www.botcpas.com/,Botwinick & Botwinick CPAs,"îƒˆ587 Grant St SE, Atlanta, GA 30312",Atlanta,GA,î‚°(404) 223-5950
http://www.jamesbjordancpa.com/,"James B. Jordan CPA, LLC","îƒˆ768 S Central Ave Ste 300, Atlanta, GA 30354",Atlanta,GA,î‚°(404) 766-0830
https://www.cpataxadvisorsllc.com/,"CPA Tax Advisors, LLC","îƒˆ2870 Peachtree Rd #281, Atlanta, GA 30305",Atlanta,GA,î‚°(770) 969-1255
https://www.rosenthalkaplin.com/,"Rosenthal & Kaplin, PC","îƒˆ200 Ashford Center N #310, Atlanta, GA 30338",Atlanta,GA,î‚°(770) 551-8665
http://www.northgacpa.com/,"North GA CPA Services, PC","îƒˆ1190 Buckhead Crossing Ste B, Woodstock, GA 30189",Woodstock,GA,î‚°(770) 926-5302
http://www.rrosecpa.com/,"Richard Rose, Certified Public Accountant","îƒˆ3045 Washington Rd, East Point, GA 30344",East Point,GA,î‚°(404) 768-3888
http://northgeorgiacpa.com/,"North Georgia CPA, Inc.","îƒˆ3132 Holly Springs Pkwy, Holly Springs, GA 30115",Holly Springs,GA,î‚°(770) 924-4990
http://www.windhambrannon.com/,Windham Brannon,"îƒˆ3630 Peachtree Rd NE #600, Atlanta, GA 30326",Atlanta,GA,î‚°(404) 898-2000
https://www.ckhgroup.com/,CKH Group,"îƒˆ5 Concourse Pkwy #2800, Atlanta, GA 30328",Atlanta,GA,î‚°(770) 495-9077
http://mygarvin.com/,Results,"îƒˆ558 Old Norcross Rd Ste 106, Lawrenceville, GA 30046",Lawrenceville,GA,î‚°(404) 600-1040
https://www.facebook.com/fordtaxandaccountingservice/,Results,"îƒˆ1318 College St, Eastman, GA 31023",Eastman,GA,î‚°(478) 559-3160
http://www.mbsllctax.com/,Results,"îƒˆ5170 Buford Hwy #1, Norcross, GA 30071",Norcross,GA,î‚°(770) 582-9088
https://marlintaxconsulting.com/,Results,,Martin,GA,î‚°(678) 404-5814
http://taxhelp.io/,Results,"îƒˆ558 Old Norcross Rd STE 106, Lawrenceville, GA 30046",Lawrenceville,GA,î‚°(404) 600-1040
